{
  "tracker_broadcast": {
    "type": "array",
    "orientation": "vertical",
    "margin": "0,0",
    "content": [
      {
        "type": "array",
        "orientation": "horizontal",
        "margin": "0,0",
        "content": [
          {
            "type": "itemgrid",
            "item_margin": "6,1",
            "h_alignment": "left",
            "item_size": 48,
            "rows": [
              [ "ridley",   "sporespawn",   "charge",     "beamcombo", "morph",  "hijump" ],
              [ "phantoon", "bombtorizo",   "ice",        "varia",     "bomb",   "space" ],
              [ "kraid",    "crocomire",    "wave",       "gravity",   "screw",  "speed" ],
              [ "draygon",  "botwoon",      "spazer",     "grapple",   "",       "" ],
              [ "guardian", "goldentorizo", "plasma",     "xray",      "",       "" ]
            ]
          }
        ]
      }
    ]
  }
}